<?xml version="1.0" encoding="UTF-8"?>
<library name="Pramod">
  <address street="aaaa" city="Central City" state="NY" zip="10001" />
  <contact phone="(555) 123-4567" email="info@centralcitylibrary.org" website="https://www.centralcitylibrary.org" />

  <books>


    <book id="B002" title="To Kill a Mockingbird" author="Harper Lee" year="1960"
          genre="Classic Fiction" isbn="978-0061120084" status="Checked Out" dueDate="2025-03-25" />

    <book id="B003" title="1984" author="asdadads Orwell" year="1949"
          genre="Dystopian Fiction" isbn="978-0451524935" status="Available" />
  </books>

  <members>
    <member id="M001" name="John Smith" cardNumber="LIB-10045" joinDate="2022-06-15">
      <borrowing bookRef="B002" />
    </member>

    <member id="M002" name="Sarah Johnson" cardNumber="LIB-10078" joinDate="2021-09-03" />
  </members>

  <events>
    <event title="Book Club Meeting" date="2025-03-20" time="18:00"
           description="Discussion of 'The Great Gatsby' led by Professor Wilson" />

    <event title="Children's Story Time" date="2025-03-15" time="10:30"
           description="Interactive reading session for ages 3-6" />
  </events>
</library>